{
  "timestamp": "2026-01-19T10:07:28.903222",
  "model": "ResNet18",
  "epochs": 30,
  "batch_size": 32,
  "learning_rate": 0.001,
  "test_mae": 1.6605894565582275,
  "test_count_accuracy": 0.49056603773584906,
  "test_off_by_1": 0.7169811320754716,
  "best_val_mae": 1.62
}